gesture_index,gesture_type,test_site,phone_status,test_method,start_x,start_y,end_x,end_y,duration_ms,avg_pressure,max_pressure,pressure_fluctuation_coeff,contact_area_mean,speed_mean_positive_px_s,speed_fluctuation_coeff,path_redundancy_rate,summary_avg_curvature,linear_accel_magnitude,gyro_magnitude,click_group_count,click_bbox_w,click_bbox_h,click_unique_xy_ratio_pct,click_dominant_xy_ratio_pct,click_space_pattern,method,target_element,test_tool,summary_touch_major,summary_touch_minor,summary_total_distance,trajectory_points_summary,pressure_mean_points,pressure_std_points,contact_area_median,contact_area_max,speed_std_positive_px_s,speed_positive_point_count,path_length_px,straight_distance_px,trajectory_curvature_mean,trajectory_curvature_max,click_group_key,click_x_std,click_y_std,click_bbox_area
66,SWIPE,,,,562.0,785.0,573.0,485.0,274.0,0.1553,0.2283,0.2649404406955985,8056.666720008585,2202.92122460338,0.6174174386183183,0.018145248808515646,0.00692311,0.08428653510496205,0.004245783555481838,,,,,,,test5,,,164.0,94.0,305.65,75.0,0.15528933333333333,0.04114242440865903,7669.413065576083,11905.850758941917,1360.121979972548,40,305.64883163508097,300.2015989297858,0.003692323333333333,0.13333333,,,,
65,SWIPE,,,,293.0,554.0,522.0,506.0,248.0,0.1395,0.2835,0.495679289768369,7218.398170245097,2219.4379676070484,0.6904613747652025,0.20347461230616237,0.19510716,0.22796782667736254,0.02035955100192536,,,,,,,test5,,,186.0,99.0,281.59,68.0,0.1395264705882353,0.0691603818450637,7209.955139988575,14462.321780800612,1532.4361903200497,36,281.58477106241384,233.97649454592653,0.10329202455882353,5.97319365,,,,
64,SWIPE,,,,498.0,623.0,336.0,593.0,227.0,0.176,0.2835,0.33340525214133204,9067.116363804442,1779.8368972664737,0.836741045469797,0.13870454955850597,0.0421273,0.5249198986512132,0.039036813497005614,,,,,,,test5,,,189.0,99.0,187.62,54.0,0.1759925925925926,0.058676854708340054,8694.357668809753,14250.264276683301,1489.2625861844688,30,187.60654226698003,164.75436261295178,0.02340405574074074,0.80569631,,,,
63,SWIPE,,,,451.0,965.0,313.0,290.0,381.0,0.1461,0.2283,0.34598977104941675,7570.325737285359,2668.97757400162,0.4289841644920811,0.013781077662650132,0.09203301,0.25808537347164795,0.013426915170656287,,,,,,,test5,,,157.0,99.0,698.45,105.0,0.14608285714285713,0.05054317429710179,7677.267047210057,11762.122895040186,1144.9491146311864,71,698.4569055721668,688.9622631175092,0.06223184266666666,4.0,,,,
62,SWIPE,,,,705.0,715.0,755.0,704.0,238.0,0.0915,0.126,0.35615777608564075,4804.945133178912,787.8914569387168,0.8424467628099749,0.810713503216888,0.13274999,0.6217819151438871,0.0398077907701495,,,,,,,test5,,,142.0,87.0,92.7,65.0,0.09145538461538462,0.03257254639567231,5369.767243148353,6559.645460695488,663.7566073436567,32,92.70075062861414,51.19570294468082,0.065353836,2.35364938,,,,
61,SWIPE,,,,323.0,848.0,327.0,367.0,323.0,0.1632,0.2441,0.3173542310467098,8478.496719653967,2575.623392804173,0.48815024692909353,0.013033607245291678,0.02628179,0.29742585630708035,0.004383565443791161,,,,,,,test5,,,162.0,100.0,487.29,89.0,0.16323932584269663,0.05180469072939229,8404.545746516094,12596.215744568275,1257.2911951937067,53,487.28601358550117,481.0166317290911,0.015650950674157303,0.73215181,,,,
60,SWIPE,,,,440.0,823.0,449.0,340.0,327.0,0.1557,0.2205,0.21827722486650092,8013.529660881793,2496.660685068827,0.5175247292482406,0.0037057984318471515,0.02101675,0.10292487551607726,0.012946550003765482,,,,,,,test5,,,162.0,90.0,484.87,91.0,0.15566373626373625,0.03397784836399925,7520.972812693964,11196.636217394022,1292.0836450649715,55,484.87405500476,483.08384365449444,0.01270243054945055,0.86460483,,,,
59,SWIPE,,,,279.0,686.0,303.0,494.0,243.0,0.1519,0.2126,0.21637923386334793,7845.1637545945205,1832.944722616372,0.6652987208046245,0.011935280833719197,0.52901167,0.07379830621362525,0.0412853921986942,,,,,,,test5,,,153.0,98.0,195.81,66.0,0.15187878787878786,0.03286341576130605,7415.729458798706,10926.4592491853,1219.4557792622595,30,195.8035934082797,193.49418595916518,0.24045983818181818,11.16099548,,,,
58,SWIPE,,,,353.0,941.0,769.0,607.0,318.0,0.1796,0.252,0.20164351893143007,9255.13195747553,2601.6232502860257,0.7050277461450466,0.0906526090823534,0.17321859,0.6077844766033433,0.019528799169431794,,,,,,,test5,,,189.0,101.0,581.85,88.0,0.17959431818181817,0.03621403029827273,8190.917446071988,12935.507751155972,1834.2165764677072,62,581.8526896353203,533.4903935405023,0.12204037602272728,9.04163647,,,,
57,SWIPE,,,,402.0,650.0,687.0,385.0,275.0,0.1679,0.2756,0.30328940678780897,8701.322910416724,2405.641236350889,0.7973153266622967,0.06913255787699413,0.86798048,0.11275943419510405,0.006518465616999141,,,,,,,test5,,,193.0,98.0,416.07,76.0,0.16794342105263158,0.05093546054496786,7927.809061333843,14024.069605624836,1918.0546281934003,47,416.06979987142046,389.1657744458009,0.525356617105263,38.03969193,,,,
56,SWIPE,,,,574.0,980.0,562.0,637.0,301.0,0.1361,0.2047,0.300040229105746,7068.956031244287,2218.5806789096237,0.6007774491892414,0.013773049246321056,0.0810192,0.06061534459194305,0.02134679411527642,,,,,,,test5,,,154.0,90.0,347.94,78.0,0.1360871794871795,0.04083162851168812,6207.787083493432,10522.764593199012,1332.873241095859,43,347.9368944866043,343.20984834354624,0.04466443012820513,2.74550939,,,,
55,SWIPE,,,,455.0,961.0,504.0,154.0,433.0,0.1679,0.2362,0.2265700960798037,8620.847040709577,2877.8058043729716,0.3587968477907699,0.00208403845874483,0.02381,0.05004617867529947,0.0009415333238924685,,,,,,,test5,,,154.0,102.0,810.17,119.0,0.16794873949579833,0.03805216204404495,8915.839950887832,11974.180399157496,1032.5476511630034,80,810.1711562506098,808.4862398334309,0.016006725798319327,1.43436134,,,,
54,SWIPE,,,,543.0,916.0,779.0,398.0,349.0,0.1675,0.252,0.2941860525409294,8608.184764069489,2533.3482438461638,0.5615853754972869,0.02961264965299759,0.02517625,0.06351779278281007,0.01204477060802737,,,,,,,test5,,,174.0,96.0,586.09,96.0,0.16750104166666668,0.049276470244410404,8199.55682586936,12982.631640959818,1422.6913247857403,63,586.0838826837141,569.2275467684254,0.01625966552083333,0.4286119,,,,
53,SWIPE,,,,423.0,930.0,362.0,519.0,312.0,0.1644,0.2677,0.2982823337889516,8441.84302674069,2274.9988186598566,0.6051883468001711,0.022077147152784304,0.0578531,0.05210767697758172,0.03691298222847891,,,,,,,test5,,,168.0,102.0,424.69,86.0,0.16443372093023256,0.04904767403267094,7775.834516716437,13458.582927978674,1376.8027740371008,52,424.6752070252248,415.5021058911736,0.03498094465116279,2.16138077,,,,
52,SWIPE,,,,338.0,717.0,288.0,156.0,365.0,0.1496,0.2362,0.24320715509955065,7712.858406839119,2528.9455378276493,0.5012401010379405,0.010524360011939793,0.07261212,0.04719841099020178,0.003324661336136359,,,,,,,test5,,,153.0,100.0,569.15,98.0,0.1496,0.03638379040289278,7459.711755948963,11938.052083641212,1267.6089169001798,62,569.1513261829771,563.2237566012286,0.04593828091836735,1.46482277,,,,
51,SWIPE,,,,521.0,994.0,762.86,413.0,376.0,0.1668,0.2441,0.2852857641303844,8594.32512965242,2659.090897731678,0.5224306433916417,0.013309688138970932,0.02602022,0.034631344184134695,0.029815126429381444,,,,,,,test5,,,168.0,100.0,637.71,104.0,0.16680384615384616,0.04758676270988709,8712.029127486196,12460.341862300518,1389.1905685388188,66,637.7069997204549,629.3308029963256,0.016512831442307693,0.3943572,,,,
50,SWIPE,,,,694.0,565.0,382.0,530.0,291.0,0.1314,0.2362,0.44286517266876724,6798.406502368312,1882.2998829687913,0.8605552742303936,0.07092366020682705,0.08091512,0.07852152571110675,0.02609539302252411,,,,,,,test5,,,196.0,101.0,336.23,81.0,0.13144074074074072,0.05821052634385881,6314.601233715484,11988.31756609865,1619.8230919720459,49,336.2239832561412,313.95700342562833,0.04894865567901235,1.55210936,,,,
49,SWIPE,,,,358.0,885.0,705.0,144.0,409.0,0.1695,0.2441,0.2305302244091439,8795.187502052291,2794.5499570045495,0.4773422106898774,0.009566271851423336,0.07773159,0.08580815812030929,0.0071024027624459595,,,,,,,test5,,,172.0,95.0,826.05,113.0,0.1694787610619469,0.039069976820194294,9079.202768874502,12563.229021705582,1333.9566543598535,79,826.0510360110841,818.223685797472,0.054343323716814156,4.91265154,,,,
48,SWIPE,,,,297.0,708.0,336.0,203.0,333.0,0.147,0.2047,0.2771022470748973,7645.987711659097,2409.09699716047,0.48984086459316123,0.018432130551129466,0.01573855,0.12754442363349328,0.0010354849105612307,,,,,,,test5,,,172.0,99.0,515.84,92.0,0.14704347826086958,0.04074607824379577,7886.182958673779,10419.092035630549,1180.074155977873,58,515.8396442194414,506.5037018620891,0.009922128369565218,0.51198518,,,,
47,SWIPE,,,,564.0,555.0,567.5,242.0,280.0,0.1485,0.2126,0.33163031471319604,7711.1252392677525,1957.0307143331079,0.6964423991467649,0.004992410670747738,0.03155044,0.0768445834135367,0.0030732518608145346,,,,,,,test5,,,156.0,92.0,314.58,73.0,0.14853150684931507,0.04925755036126359,8404.545746516094,10904.468100610171,1362.9591658940567,45,314.58229031024655,313.019568078419,0.019448900410958904,1.33333337,,,,
46,SWIPE,,,,434.0,739.0,529.0,489.0,280.0,0.1568,0.2441,0.2769682204259754,8118.222216065058,1888.5992578992066,0.8712746945375823,0.05729615560378565,0.21156816,0.043591054128112115,0.0020825357139794744,,,,,,,test5,,,167.0,97.0,282.76,77.0,0.15677272727272729,0.04342106328405406,7647.421917000954,12591.50335558789,1645.488741530036,43,282.7649569268022,267.44158240632663,0.11814845857142858,7.69694996,,,,
45,SWIPE,,,,324.0,529.0,381.0,744.0,249.0,0.1696,0.2441,0.19740430363543254,8756.311723934221,1932.137662580863,0.6222697417176872,0.027753932527124547,0.05656092,0.11161232010848983,0.004254548272143588,,,,,,,test5,,,161.0,100.0,228.6,68.0,0.1696514705882353,0.03348993041219765,8011.061266653972,12392.012222084939,1202.3108042572096,34,228.60075456250033,222.4275162833951,0.028280461764705882,1.18390036,,,,
44,SWIPE,,,,413.0,617.0,396.48,496.0,233.0,0.1127,0.1969,0.43283152501383954,5816.753587555016,1292.131151289879,0.6609484564698057,0.07579397681050981,0.13873388,0.11006602563915897,0.0017136790831424652,,,,,,,test5,,,130.0,99.0,131.38,58.0,0.11270689655172414,0.04878309791405981,6844.744994008762,10108.07436292516,854.0320900015985,29,131.37867369018386,122.12252208335693,0.06936694396551724,2.68328166,,,,
43,SWIPE,,,,662.0,603.0,741.0,223.0,301.0,0.1659,0.252,0.2734355941513354,8600.980451021727,2004.7277453317477,0.6820636181068555,0.037848110723295525,0.10082757,0.18942254353692964,0.002049132743381941,,,,,,,test5,,,165.0,101.0,402.81,83.0,0.1659277108433735,0.045370542200628805,8487.797951836223,12622.919282123788,1367.3518593001704,55,402.81477708381607,388.12497987117496,0.06681345084337349,2.12132049,,,,
42,SWIPE,,,,334.0,1013.0,377.0,479.0,344.0,0.1741,0.2362,0.1654059000039135,8977.150095018047,2554.2079309672295,0.5167473638615955,0.013420968194619798,0.0503634,0.1636359373731822,0.029572920129740315,,,,,,,test5,,,154.0,103.0,542.91,96.0,0.17414583333333333,0.02880474829443152,8413.185126313467,12216.08303348391,1319.880215081696,60,542.9184708399183,535.7284760025361,0.031477122604166664,1.32811534,,,,
41,SWIPE,,,,503.0,783.0,521.0,397.0,296.0,0.1567,0.2126,0.2021715197967412,8127.987418229767,2265.564659523368,0.5801397122471023,0.004897041914667888,0.0451792,0.13557654664432195,0.004501674910519417,,,,,,,test5,,,160.0,99.0,388.31,80.0,0.15670875,0.03168204615294757,8237.255937712436,10864.412794276903,1314.344029653091,47,388.3117735058135,386.41946120763635,0.026542774749999998,1.6023463,,,,
40,SWIPE,,,,534.0,839.0,235.0,499.0,296.0,0.146,0.2835,0.6029995952648372,7509.861738676489,2638.8048970307495,0.7355506989398072,0.02477963735362554,0.11841184,0.1250200383938511,0.08955627099762473,,,,,,,test5,,,198.0,93.0,463.98,68.0,0.14601617647058823,0.08804769531388375,6757.5657978716445,14306.812944447918,1940.9747863767536,48,463.9898465763059,452.7703612207848,0.08358483205882353,3.92540932,,,,
39,SWIPE,,,,393.0,985.0,571.0,677.0,291.0,0.1689,0.2598,0.383453442994005,8729.465986711233,2340.622465394269,0.793668437074604,0.0314060020066691,0.01208322,0.29481699408276996,0.01899685050212271,,,,,,,test5,,,179.0,101.0,366.91,77.0,0.1689337662337662,0.06477823430028204,9281.050096867646,13215.109497325466,1857.678173891176,45,366.9080981032614,355.735857062512,0.007061622727272727,0.29999998,,,,
38,SWIPE,,,,700.0,631.0,726.1,615.0,238.0,0.1373,0.189,0.26043567012163965,7165.839929302973,818.0795430319172,0.6141277216790353,1.5144852410697451,0.0347262,0.15067912927807883,0.012984253309297382,,,,,,,test5,,,128.0,100.0,76.97,65.0,0.13725846153846152,0.03574699941063453,8114.733824222436,9500.176184455535,502.40532591441763,29,76.9781638608459,30.61388573833778,0.015493227076923077,0.44721356,,,,
37,SWIPE,,,,513.0,644.0,275.0,709.0,258.0,0.1462,0.2362,0.28849406315066217,7560.4197119992505,2122.9092061475385,0.762216836152178,0.033937127240049714,0.13840665,0.04343616005127525,0.05694763385778201,,,,,,,test5,,,180.0,95.0,255.09,71.0,0.14617464788732396,0.04217051809863145,7825.707300092175,12007.16712202019,1618.1171385481084,33,255.08928351544995,246.71643642043793,0.06432985169014084,2.9109385,,,,
36,SWIPE,,,,269.0,842.0,574.0,487.0,297.0,0.1519,0.2677,0.5474106431358265,7813.0684311858095,2535.4227965668915,0.8129456700569243,0.05400019116668675,0.08100891,0.16945577594168926,0.019968417538703463,,,,,,,test5,,,190.0,96.0,493.3,65.0,0.15190769230769233,0.08315588754343312,7893.251542144355,13656.503265154832,2061.1609842326725,54,493.3013663802689,468.0277769534625,0.06729971153846154,1.28362274,,,,
35,SWIPE,,,,282.0,692.0,754.0,423.0,322.0,0.1249,0.2441,0.6005320170948505,6519.828421220777,2435.484454891659,0.7123674095701177,0.05405603916797053,0.07713566,0.22939976024398978,0.02371836954767338,,,,,,,test5,,,184.0,92.0,572.63,89.0,0.12491910112359551,0.07501791977142842,4620.497395267188,12572.653799666352,1734.9597521794612,65,572.6396505594039,543.2724914810246,0.05633502528089887,1.6735065,,,,
34,SWIPE,,,,299.0,558.0,779.0,287.0,328.0,0.153,0.2835,0.4923751667612231,7918.384283373074,2724.0884671794734,0.571805995604789,0.11527498658463431,0.07567608,0.13640461869013087,0.03218713845622192,,,,,,,test5,,,192.0,94.0,614.76,88.0,0.15301818181818183,0.07534235279022644,7583.804665765761,14174.866052997146,1557.6501180910823,64,614.7593607292172,551.217742820385,0.05503714022727273,2.93843627,,,,
33,SWIPE,,,,597.0,1011.0,795.0,211.0,413.0,0.166,0.2283,0.2682884028816775,8542.162661549988,2685.6266172024325,0.47595375527440614,0.017955942791583857,0.0806247,0.08624447808410693,0.006186215482829546,,,,,,,test5,,,153.0,102.0,838.94,114.0,0.1659938596491228,0.04453422749342849,9146.747010926683,11535.92822398172,1278.2340737223979,88,838.9365187497989,824.1383379020782,0.06223660885964912,6.0,,,,
32,SWIPE,,,,571.0,729.0,665.0,518.0,270.0,0.1592,0.2441,0.3030223462733759,8218.636765252162,1707.515308770797,0.8061729466653152,0.0708106912652231,0.31076342,0.2931813602533421,0.005096948302661114,,,,,,,test5,,,165.0,100.0,247.35,75.0,0.15916533333333333,0.04823065275205063,8004.778081346793,12440.70690821558,1376.552647947889,39,247.34799842028116,230.9913418290824,0.161596946,10.70874691,,,,
31,SWIPE,,,,452.0,694.0,833.0,204.0,344.0,0.1615,0.2756,0.40558129054928077,8345.401131137722,2885.990173752173,0.609305296147251,0.04732462856031239,0.0857282,0.150649593427928,0.0032464277290585107,,,,,,,test5,,,191.0,97.0,650.07,95.0,0.16145368421052633,0.0654825936060413,8128.085593000193,14101.824023801184,1758.4490974961245,62,650.0680778724751,620.6939664601227,0.055948934947368426,2.77497339,,,,
30,SWIPE,,,,467.0,958.0,585.0,486.0,333.0,0.1807,0.2441,0.20377096549807763,9277.59081506931,2395.434216519057,0.548817806244429,0.0082020732686654,0.01196692,0.08335718325375444,0.004498836516256175,,,,,,,test5,,,170.0,101.0,490.52,89.0,0.18074606741573035,0.036830800667284,8560.839981032186,12417.144963313658,1314.6569517128314,56,490.516989526304,486.52646382288395,0.007529748202247191,0.14390245,,,,
29,SWIPE,,,,633.0,828.0,366.0,483.0,286.0,0.1668,0.2362,0.2651834089821796,8624.865639312346,2458.9751978504805,0.7251569303469632,0.02424555019149599,0.34094155,0.06950460416404082,0.024600174836777077,,,,,,,test5,,,180.0,93.0,446.83,75.0,0.16681866666666667,0.04423754270852857,7704.755982928967,12162.675958372885,1783.1429062725708,50,446.82704790100894,436.24992836675625,0.2272943724,13.97076511,,,,
28,SWIPE,,,,484.0,963.0,250.0,591.0,312.0,0.1603,0.2441,0.25135832206829056,8305.031179224441,2414.5574832864763,0.6666535471064362,0.023675861227775208,0.05766055,0.1733991349459391,0.09940043598495935,,,,,,,test5,,,174.0,97.0,449.89,85.0,0.16026823529411766,0.0402847547043754,7450.286977988194,12435.994519235195,1609.673310925319,51,449.8819574151678,439.47696185351964,0.034596330588235295,1.28797531,,,,
27,SWIPE,,,,621.0,932.0,351.0,253.0,386.0,0.1776,0.2441,0.14855363283761466,9124.454915391749,2920.6320090322006,0.4408986541683575,0.009923796672275609,0.01936397,0.06351503758953465,0.0198309692652679,,,,,,,test5,,,162.0,100.0,737.96,107.0,0.17764485981308412,0.026389789280162425,8835.729338221292,12341.746739627502,1287.7027221033234,71,737.964109748523,730.7126658269993,0.012848985794392523,0.94280905,,,,
26,SWIPE,,,,293.0,698.0,722.0,226.0,345.0,0.1546,0.2835,0.4998083694973035,7959.954286164324,3148.9997427380576,0.613483845565102,0.06849978153075242,0.18043768,0.43944768744413715,0.01182508794893298,,,,,,,test5,,,196.0,96.0,681.52,84.0,0.15457380952380953,0.077257283705082,7910.923000820798,14549.500976937728,1931.8604718584606,62,681.5194492253154,637.8283468144075,0.1331802201190476,5.66012239,,,,
25,SWIPE,,,,348.0,749.0,503.0,717.0,259.0,0.1831,0.2756,0.3251529447792642,9460.426310741364,1526.1561182782384,0.895799240382499,0.2696681972231769,0.12428369,0.14842055113763727,0.008596530753740138,,,,,,,test5,,,178.0,102.0,200.96,72.0,0.18305833333333332,0.05952195614971747,7523.329007184157,14179.578441977532,1367.1294914587493,39,200.94880961384115,158.26875876179736,0.06732032958333334,3.70727539,,,,
24,SWIPE,,,,361.0,821.0,282.0,779.0,243.0,0.0935,0.1811,0.4844265765329954,4982.964508855434,1159.9038503964293,0.7698254104602796,0.8406893175939758,0.1701192,0.13534049652635385,0.007728421507656011,,,,,,,test5,,,147.0,91.0,164.68,67.0,0.09355970149253733,0.04532280589547884,5185.98407291335,9361.160709534186,892.92345772589,37,164.68769837803956,89.47066558375433,0.0939464152238806,4.98520803,,,,
23,SWIPE,,,,736.0,669.0,508.0,683.0,249.0,0.1764,0.2598,0.2279074404923607,9068.076294893039,2550.891254515362,0.627181761456286,0.004848107226677056,0.05967296,0.17618606641843162,0.04612360580006728,,,,,,,test5,,,190.0,102.0,229.54,66.0,0.17645454545454548,0.04021530381778838,8171.282491987052,13281.082943050851,1599.87247029038,25,229.5368704944661,228.42942017174582,0.02260339287878788,1.07331276,,,,
22,SWIPE,,,,619.0,699.0,551.0,721.0,232.0,0.1556,0.2283,0.337631443275639,8072.110390561231,1039.099439854946,0.7115341963419958,0.8997881397727157,0.01315342,0.01724586907059195,0.014210658148023967,,,,,,,test5,,,152.0,104.0,135.78,63.0,0.1556079365079365,0.0525381321883186,9401.216015867456,11460.530000295565,739.354784856607,36,135.7783780191664,71.47027354082255,0.007516240158730159,0.23851395,,,,
21,SWIPE,,,,353.0,779.0,430.0,362.0,311.0,0.1464,0.2205,0.2979800455180789,7575.914153984651,2592.99014938307,0.482699623266158,0.01615742066452097,0.01911728,0.11329646949486114,0.006237482665306574,,,,,,,test5,,,160.0,99.0,430.9,86.0,0.1464104651162791,0.04362739705967194,6189.72292573529,11042.698177368124,1251.6353682400666,48,430.90107197410515,424.0495254094738,0.010670106744186047,0.25601548,,,,
20,SWIPE,,,,447.0,706.0,396.0,502.0,237.0,0.1284,0.2205,0.3548937496530464,6706.430335910138,1836.459124857033,0.7397060272094138,0.01993172558385803,0.1674564,0.1447373828698032,0.007711981976120016,,,,,,,test5,,,156.0,99.0,214.47,65.0,0.12839692307692308,0.04556726547468299,5937.6101152847095,11429.899471923065,1358.4398833804728,34,214.46959801053737,210.27838690650069,0.08759258723076924,4.02010012,,,,
19,SWIPE,,,,440.0,557.0,380.5,266.5,270.0,0.1612,0.2441,0.2653110918499208,8332.225434551361,2170.3360722298203,0.6004083821111948,0.01525690740843233,0.05533559,0.1463774231225567,0.026888288100955778,,,,,,,test5,,,168.0,98.0,301.06,74.0,0.1612135135135135,0.04277173329123223,7653.705102308133,12289.91046084327,1303.0879697650716,38,301.0549166841462,296.5307741196519,0.028415573783783784,0.85865021,,,,
18,SWIPE,,,,327.0,747.0,692.0,769.0,297.0,0.1454,0.2283,0.26147426301459725,7479.971000881728,2149.5927150229622,0.642996026905783,0.08630962443304213,0.05488399,0.26308930042858075,0.03442826092035437,,,,,,,test5,,,194.0,95.0,397.22,78.0,0.1453628205128205,0.03800863636331293,7530.397590654734,11686.72467135403,1382.1795752253797,50,397.2225981179385,365.6624126157896,0.03518204641025641,1.41421354,,,,
17,SWIPE,,,,656.0,715.0,680.0,261.0,334.0,0.1582,0.2362,0.29627369507300033,8187.618773785719,2257.1808040165283,0.5620772452185998,0.016229935473594193,0.11185605,0.20529712613672896,0.002048983650496021,,,,,,,test5,,,159.0,102.0,462.01,90.0,0.1581988888888889,0.04687016936755413,8269.457262411732,12007.16712202019,1268.7099682819144,57,462.0125978282648,454.63391866423694,0.07084216377777777,3.67610121,,,,
16,SWIPE,,,,573.0,649.0,656.0,239.0,286.0,0.1696,0.2283,0.19468350788934424,8793.912192764727,2460.4700717979626,0.5192351118916211,0.0035331493237837908,0.00841603,0.306975536484587,0.001651342484162507,,,,,,,test5,,,162.0,99.0,419.79,74.0,0.16962027027027027,0.03302226922535487,8761.116512698536,11832.808729745955,1277.562453036,48,419.79484149635505,418.3168655457248,0.005459044054054054,0.06114752,,,,
15,SWIPE,,,,281.0,722.0,608.0,635.0,286.0,0.1427,0.2362,0.36526208421204565,7423.434314199125,2198.875289699912,0.6983932939827845,0.09810721195461536,0.38701347,0.562082920928932,0.004543118422405474,,,,,,,test5,,,177.0,99.0,371.57,79.0,0.1427227848101266,0.05213122184429413,7618.362184955248,12016.591899980958,1535.6797566308712,47,371.57261097328427,338.37553103024453,0.23024853443037974,17.90164948,,,,
14,SWIPE,,,,558.0,729.0,355.0,268.0,318.0,0.1723,0.2205,0.16574939064638367,8879.26928468182,2342.722785859279,0.6216814083932204,0.027356463459338842,0.04606153,0.0897283678665783,0.003967935987386893,,,,,,,test5,,,162.0,101.0,517.49,87.0,0.17232988505747127,0.0285635734384372,8777.609874129883,11253.970283322036,1456.4272009878855,60,517.4960834761491,503.71618993238644,0.031766575747126435,0.84914243,,,,
13,SWIPE,,,,494.0,781.0,393.0,729.0,238.0,0.1283,0.2047,0.23647244981309753,6653.255104295422,1381.7296412134804,0.814275158376018,0.5734367735166177,0.40677139,0.4000601704743925,0.05517178759112305,,,,,,,test5,,,153.0,99.0,178.73,64.0,0.1283421875,0.030349391492496908,6920.143217694917,10694.766790983054,1125.1081224319453,37,178.74269448478958,113.6001760562016,0.23516470750000001,11.7217865,,,,
12,SWIPE,,,,632.0,639.0,698.0,632.0,243.0,0.1317,0.2047,0.21259032288886132,6855.740568296326,966.541958881498,0.9020131979186264,0.7971289773378363,0.04834671,0.32117948253274214,0.02631454476140524,,,,,,,test5,,,172.0,80.0,119.28,67.0,0.1317313432835821,0.02800480880324015,6248.627787990098,10367.255756846316,871.8336032532335,35,119.27576296980965,66.37017402418046,0.025255742835820896,1.11284173,,,,
11,SWIPE,,,,635.0,708.0,498.0,510.0,243.0,0.1519,0.2362,0.2857801675807968,7906.317711589967,2030.0096911638107,0.7667238549235661,0.060343052316649715,0.1126655,0.052597908703673764,0.008860245876949465,,,,,,,test5,,,168.0,93.0,255.31,66.0,0.151869696969697,0.04340134745044483,6955.486135047801,11875.220230569419,1556.4568559413149,35,255.3049778188566,240.77582935170213,0.05974685848484849,2.9180882,,,,
10,SWIPE,,,,265.0,554.0,515.0,431.0,259.0,0.1182,0.2283,0.6743599335385588,6222.952198030797,1957.1280519637642,0.8939215782397375,0.13405294910265053,0.26578137,0.19188363661344343,0.006921437495202858,,,,,,,test5,,,178.0,90.0,315.96,68.0,0.11823970588235294,0.07973612020044227,6435.945249960389,11821.027757294993,1749.518997028711,46,315.96962021187886,278.6198126479881,0.17979327661764705,7.16835022,,,,
9,SWIPE,,,,479.0,821.0,444.0,535.0,270.0,0.1616,0.2362,0.2441989175927237,8356.573626695777,2278.27014935106,0.5267790961009786,0.007586065423489385,0.03501118,0.042460098916512194,0.005903090461783556,,,,,,,test5,,,158.0,102.0,290.32,75.0,0.161568,0.03945473071762118,7678.052445373455,12161.10516204609,1200.1450899489928,36,290.31945026094576,288.1336495447902,0.016805367866666667,0.50610691,,,,
8,SWIPE,,,,659.0,787.0,280.0,634.0,291.0,0.148,0.2441,0.39890027428504055,7667.979713927882,2197.6075781655095,0.6908652574470674,0.08385576464934741,0.04565101,0.08821026017419968,0.015962452223890915,,,,,,,test5,,,183.0,94.0,442.99,80.0,0.14802500000000002,0.05904721310104313,7456.570163295374,12360.596295549041,1518.250725256941,54,442.99082537458156,408.71750635371615,0.030814432125000003,1.18121731,,,,
7,SWIPE,,,,601.0,780.0,520.0,228.0,349.0,0.1555,0.2362,0.3254608302157911,8027.873696089199,2470.3369693887325,0.48463491348388443,0.008501192893660692,0.030757,0.14262412138204392,0.01953733669157595,,,,,,,test5,,,158.0,99.0,562.65,96.0,0.15552291666666665,0.050616617575914624,7520.972812693965,12129.68923551019,1197.2115434357497,62,562.6541947066478,557.9112832700196,0.019863892708333334,0.70058131,,,,
6,SWIPE,,,,431.0,827.0,460.0,221.0,366.0,0.156,0.2205,0.23876571472604236,8056.388849767277,2402.6483281529254,0.5458771689831765,0.02225081100917392,0.05845029,0.1508790243870897,0.014187290720923427,,,,,,,test5,,,158.0,97.0,620.19,101.0,0.1559980198019802,0.03724697869386711,8915.839950887834,11168.361883511716,1311.550867434281,71,620.192919930216,606.693497575176,0.04108881653465347,2.82842708,,,,
5,SWIPE,,,,301.0,627.0,622.0,564.0,296.0,0.1481,0.2913,0.6270730338137476,7596.477171267065,2127.9015069794177,0.7204612122773372,0.08445131484066137,0.23773068,0.2721994305651649,0.008043627166894298,,,,,,,test5,,,199.0,99.0,354.76,74.0,0.1481189189189189,0.09288137985169896,7470.707330236527,15162.111544387739,1533.0704993251638,47,354.74986730416686,327.1238297648155,0.15099110837837837,9.59999943,,,,
4,SWIPE,,,,498.0,1011.0,650.0,263.0,414.0,0.1727,0.2441,0.1656740821940516,8900.958722528723,2717.4027277370506,0.4622954394618711,0.009268385216066877,0.01279974,0.43995573640992564,0.0012776994951865638,,,,,,,test5,,,163.0,97.0,770.36,114.0,0.17268245614035088,0.028609007432067204,8532.958346231577,12214.512237157116,1256.242888214087,81,770.3620697453074,763.2876259969108,0.009094552543859649,0.13582927,,,,
3,SWIPE,,,,713.0,865.0,718.5,425.0,318.0,0.1556,0.2205,0.20489844936357512,8049.419390749096,2347.4503557483285,0.563176869073729,0.006130018378586843,0.05124702,0.058992626657913785,0.031388895233824335,,,,,,,test5,,,164.0,96.0,442.73,87.0,0.1555919540229885,0.03188055011275902,8058.185156457819,11206.060995354792,1322.0297416563549,52,442.73179245506094,440.0343736573315,0.03063040103448276,1.50663888,,,,
2,SWIPE,,,,388.0,1002.0,821.0,694.0,318.0,0.176,0.2835,0.27976054764517105,9102.916438421627,2754.5400620529695,0.6530741497919443,0.08050600643182948,0.15376113,0.26894694644111505,0.048150551917916784,,,,,,,test5,,,202.0,97.0,574.15,88.0,0.17600568181818183,0.04923944593411628,7641.138731693774,14278.53861056561,1798.9189090930927,59,574.1473817339156,531.3689866749846,0.10308984840909091,3.97249365,,,,
1,SWIPE,,,,278.0,561.0,618.0,285.0,280.0,0.1179,0.252,0.7438357701382261,6192.662218861944,2750.4296021814075,0.7538573628749105,0.03765330387161758,0.10995922,0.1394800702609516,0.0059065375644280806,,,,,,,test5,,,191.0,86.0,454.41,66.0,0.11787424242424242,0.08767907789309633,5367.411048658161,12900.950231966486,2073.431606673565,46,454.4115915268308,437.9223675493181,0.07663824575757576,2.32828736,,,,
